,timestamp8601,@message,cf_app_name,level,x1,x2,x3
9,"June 17th 2020, 13:29:59.825",\x1b[40m\x1b[1m\x1b[33mwarn\x1b[39m\x1b[22m\x1b[49m: Dell.Support.Online.Client.Web.Helper.LoggerHelper[0],Support-Client,warn, Dell.Support.Online.Client.Web.Helper.LoggerHelper[0],,
13,"June 17th 2020, 13:29:59.576",\x1b[40m\x1b[1m\x1b[33mwarn\x1b[39m\x1b[22m\x1b[49m: Dell.Support.Online.Client.Web.Helper.LoggerHelper[0],Support-Client,warn, Dell.Support.Online.Client.Web.Helper.LoggerHelper[0],,
15,"June 17th 2020, 13:29:59.569",\x1b[40m\x1b[1m\x1b[33mwarn\x1b[39m\x1b[22m\x1b[49m: Dell.Support.Online.Client.Web.Helper.LoggerHelper[0],Support-Client,warn, Dell.Support.Online.Client.Web.Helper.LoggerHelper[0],,
21,"June 17th 2020, 13:29:59.397",\x1b[40m\x1b[1m\x1b[33mwarn\x1b[39m\x1b[22m\x1b[49m: Dell.Support.Online.Client.Web.Helper.LoggerHelper[0],Support-Client,warn, Dell.Support.Online.Client.Web.Helper.LoggerHelper[0],,
29,"June 17th 2020, 13:29:59.366",\x1b[40m\x1b[1m\x1b[33mwarn\x1b[39m\x1b[22m\x1b[49m: Dell.Support.Online.Client.Web.Helper.LoggerHelper[0],Support-Client,warn, Dell.Support.Online.Client.Web.Helper.LoggerHelper[0],,
32,"June 17th 2020, 13:29:59.326",Warning       Dell.SupportOnline.ServiceStore.Core.Processors.ServiceStoreProcessor[0]      Service not available for BKQ1JY1,servicestore-web,warn,,       Dell.SupportOnline.ServiceStore.Core.Processors.ServiceStoreProcessor[0]      Service not available for BKQ1JY1,
34,"June 17th 2020, 13:29:58.999",Warning       Dell.SupportOnline.ServiceStore.Core.Processors.ServiceStoreProcessor[0]      Service not available for 2FRKD92,servicestore-web,warn,,       Dell.SupportOnline.ServiceStore.Core.Processors.ServiceStoreProcessor[0]      Service not available for 2FRKD92,
62,"June 17th 2020, 13:29:58.246",\x1b[40m\x1b[1m\x1b[33mwarn\x1b[39m\x1b[22m\x1b[49m: Dell.Support.Online.Client.Web.Helper.LoggerHelper[0],Support-Client,warn, Dell.Support.Online.Client.Web.Helper.LoggerHelper[0],,
65,"June 17th 2020, 13:29:58.246",\x1b[40m\x1b[1m\x1b[33mwarn\x1b[39m\x1b[22m\x1b[49m: Dell.Support.Online.Client.Web.Helper.LoggerHelper[0],Support-Client,warn, Dell.Support.Online.Client.Web.Helper.LoggerHelper[0],,
66,"June 17th 2020, 13:29:58.237",\x1b[40m\x1b[1m\x1b[33mwarn\x1b[39m\x1b[22m\x1b[49m: Dell.Support.Online.Client.Web.Helper.LoggerHelper[0],Support-Client,warn, Dell.Support.Online.Client.Web.Helper.LoggerHelper[0],,
68,"June 17th 2020, 13:29:58.236",\x1b[40m\x1b[1m\x1b[33mwarn\x1b[39m\x1b[22m\x1b[49m: Dell.Support.Online.Client.Web.Helper.LoggerHelper[0],Support-Client,warn, Dell.Support.Online.Client.Web.Helper.LoggerHelper[0],,
114,"June 17th 2020, 13:29:56.876",\x1b[40m\x1b[1m\x1b[33mwarn\x1b[39m\x1b[22m\x1b[49m: Dell.Support.Online.Client.Web.Helper.LoggerHelper[0],Support-Client,warn, Dell.Support.Online.Client.Web.Helper.LoggerHelper[0],,
182,"June 17th 2020, 13:29:56.471",\x1b[40m\x1b[1m\x1b[33mwarn\x1b[39m\x1b[22m\x1b[49m: Dell.Support.Online.Client.Web.Helper.LoggerHelper[0],Support-Client,warn, Dell.Support.Online.Client.Web.Helper.LoggerHelper[0],,
183,"June 17th 2020, 13:29:56.471",\x1b[40m\x1b[1m\x1b[33mwarn\x1b[39m\x1b[22m\x1b[49m: Dell.Support.Online.Client.Web.Helper.LoggerHelper[0],Support-Client,warn, Dell.Support.Online.Client.Web.Helper.LoggerHelper[0],,
186,"June 17th 2020, 13:29:56.468",\x1b[40m\x1b[1m\x1b[33mwarn\x1b[39m\x1b[22m\x1b[49m: Dell.Support.Online.Client.Web.Helper.LoggerHelper[0],Support-Client,warn, Dell.Support.Online.Client.Web.Helper.LoggerHelper[0],,
187,"June 17th 2020, 13:29:56.457",\x1b[40m\x1b[1m\x1b[33mwarn\x1b[39m\x1b[22m\x1b[49m: Dell.Support.Online.Client.Web.Helper.LoggerHelper[0],Support-Client,warn, Dell.Support.Online.Client.Web.Helper.LoggerHelper[0],,
190,"June 17th 2020, 13:29:56.454",\x1b[40m\x1b[1m\x1b[33mwarn\x1b[39m\x1b[22m\x1b[49m: Dell.Support.Online.Client.Web.Helper.LoggerHelper[0],Support-Client,warn, Dell.Support.Online.Client.Web.Helper.LoggerHelper[0],,
193,"June 17th 2020, 13:29:55.436",\x1b[40m\x1b[1m\x1b[33mwarn\x1b[39m\x1b[22m\x1b[49m: Dell.Support.Online.Client.Web.Helper.LoggerHelper[0],Support-Client,warn, Dell.Support.Online.Client.Web.Helper.LoggerHelper[0],,
203,"June 17th 2020, 13:29:54.782",\x1b[40m\x1b[1m\x1b[33mwarn\x1b[39m\x1b[22m\x1b[49m: Dell.Support.Online.Client.Web.Helper.LoggerHelper[0],Support-Client,warn, Dell.Support.Online.Client.Web.Helper.LoggerHelper[0],,
206,"June 17th 2020, 13:29:54.420",\x1b[40m\x1b[1m\x1b[33mwarn\x1b[39m\x1b[22m\x1b[49m: Dell.Support.Online.Client.Web.Helper.LoggerHelper[0],Support-Client,warn, Dell.Support.Online.Client.Web.Helper.LoggerHelper[0],,
207,"June 17th 2020, 13:29:54.417",\x1b[40m\x1b[1m\x1b[33mwarn\x1b[39m\x1b[22m\x1b[49m: Dell.Support.Online.Client.Web.Helper.LoggerHelper[0],Support-Client,warn, Dell.Support.Online.Client.Web.Helper.LoggerHelper[0],,
209,"June 17th 2020, 13:29:54.365",\x1b[40m\x1b[1m\x1b[33mwarn\x1b[39m\x1b[22m\x1b[49m: Dell.Support.Online.Client.Web.Helper.LoggerHelper[0],Support-Client,warn, Dell.Support.Online.Client.Web.Helper.LoggerHelper[0],,
210,"June 17th 2020, 13:29:54.243",\x1b[40m\x1b[1m\x1b[33mwarn\x1b[39m\x1b[22m\x1b[49m: Dell.Support.Online.Client.Web.Helper.LoggerHelper[0],Support-Client,warn, Dell.Support.Online.Client.Web.Helper.LoggerHelper[0],,
212,"June 17th 2020, 13:29:54.239",\x1b[40m\x1b[1m\x1b[33mwarn\x1b[39m\x1b[22m\x1b[49m: Dell.Support.Online.Client.Web.Helper.LoggerHelper[0],Support-Client,warn, Dell.Support.Online.Client.Web.Helper.LoggerHelper[0],,
213,"June 17th 2020, 13:29:54.239",\x1b[40m\x1b[1m\x1b[33mwarn\x1b[39m\x1b[22m\x1b[49m: Dell.Support.Online.Client.Web.Helper.LoggerHelper[0],Support-Client,warn, Dell.Support.Online.Client.Web.Helper.LoggerHelper[0],,
246,"June 17th 2020, 13:29:53.608",\x1b[40m\x1b[1m\x1b[33mwarn\x1b[39m\x1b[22m\x1b[49m: Dell.Support.Online.Client.Web.Helper.LoggerHelper[0],Support-Client,warn, Dell.Support.Online.Client.Web.Helper.LoggerHelper[0],,
249,"June 17th 2020, 13:29:53.606",\x1b[40m\x1b[1m\x1b[33mwarn\x1b[39m\x1b[22m\x1b[49m: Dell.Support.Online.Client.Web.Helper.LoggerHelper[0],Support-Client,warn, Dell.Support.Online.Client.Web.Helper.LoggerHelper[0],,
250,"June 17th 2020, 13:29:53.606",\x1b[40m\x1b[1m\x1b[33mwarn\x1b[39m\x1b[22m\x1b[49m: Dell.Support.Online.Client.Web.Helper.LoggerHelper[0],Support-Client,warn, Dell.Support.Online.Client.Web.Helper.LoggerHelper[0],,
258,"June 17th 2020, 13:29:53.127",\x1b[40m\x1b[1m\x1b[33mwarn\x1b[39m\x1b[22m\x1b[49m: Dell.Support.Online.Client.Web.Helper.LoggerHelper[0],Support-Client,warn, Dell.Support.Online.Client.Web.Helper.LoggerHelper[0],,
263,"June 17th 2020, 13:29:52.945",\x1b[40m\x1b[1m\x1b[33mwarn\x1b[39m\x1b[22m\x1b[49m: Dell.Support.Online.Client.Web.Helper.LoggerHelper[0],Support-Client,warn, Dell.Support.Online.Client.Web.Helper.LoggerHelper[0],,
265,"June 17th 2020, 13:29:52.941",\x1b[40m\x1b[1m\x1b[33mwarn\x1b[39m\x1b[22m\x1b[49m: Dell.Support.Online.Client.Web.Helper.LoggerHelper[0],Support-Client,warn, Dell.Support.Online.Client.Web.Helper.LoggerHelper[0],,
268,"June 17th 2020, 13:29:52.940",\x1b[40m\x1b[1m\x1b[33mwarn\x1b[39m\x1b[22m\x1b[49m: Dell.Support.Online.Client.Web.Helper.LoggerHelper[0],Support-Client,warn, Dell.Support.Online.Client.Web.Helper.LoggerHelper[0],,
270,"June 17th 2020, 13:29:52.927",\x1b[40m\x1b[1m\x1b[33mwarn\x1b[39m\x1b[22m\x1b[49m: Dell.Support.Online.Client.Web.Helper.LoggerHelper[0],Support-Client,warn, Dell.Support.Online.Client.Web.Helper.LoggerHelper[0],,
283,"June 17th 2020, 13:29:52.414",\x1b[40m\x1b[1m\x1b[33mwarn\x1b[39m\x1b[22m\x1b[49m: Dell.Support.Online.Client.Web.Helper.LoggerHelper[0],Support-Client,warn, Dell.Support.Online.Client.Web.Helper.LoggerHelper[0],,
288,"June 17th 2020, 13:29:52.409",\x1b[40m\x1b[1m\x1b[33mwarn\x1b[39m\x1b[22m\x1b[49m: Dell.Support.Online.Client.Web.Helper.LoggerHelper[0],Support-Client,warn, Dell.Support.Online.Client.Web.Helper.LoggerHelper[0],,
290,"June 17th 2020, 13:29:52.409",\x1b[40m\x1b[1m\x1b[33mwarn\x1b[39m\x1b[22m\x1b[49m: Dell.Support.Online.Client.Web.Helper.LoggerHelper[0],Support-Client,warn, Dell.Support.Online.Client.Web.Helper.LoggerHelper[0],,
291,"June 17th 2020, 13:29:52.403",\x1b[40m\x1b[1m\x1b[33mwarn\x1b[39m\x1b[22m\x1b[49m: Dell.Support.Online.Client.Web.Helper.LoggerHelper[0],Support-Client,warn, Dell.Support.Online.Client.Web.Helper.LoggerHelper[0],,
293,"June 17th 2020, 13:29:52.397",\x1b[40m\x1b[1m\x1b[33mwarn\x1b[39m\x1b[22m\x1b[49m: Dell.Support.Online.Client.Web.Helper.LoggerHelper[0],Support-Client,warn, Dell.Support.Online.Client.Web.Helper.LoggerHelper[0],,
294,"June 17th 2020, 13:29:52.397",\x1b[40m\x1b[1m\x1b[33mwarn\x1b[39m\x1b[22m\x1b[49m: Dell.Support.Online.Client.Web.Helper.LoggerHelper[0],Support-Client,warn, Dell.Support.Online.Client.Web.Helper.LoggerHelper[0],,
296,"June 17th 2020, 13:29:52.397",\x1b[40m\x1b[1m\x1b[33mwarn\x1b[39m\x1b[22m\x1b[49m: Dell.Support.Online.Client.Web.Helper.LoggerHelper[0],Support-Client,warn, Dell.Support.Online.Client.Web.Helper.LoggerHelper[0],,
300,"June 17th 2020, 13:29:52.357",\x1b[40m\x1b[1m\x1b[33mwarn\x1b[39m\x1b[22m\x1b[49m: Dell.Support.Online.Client.Web.Helper.LoggerHelper[0],Support-Client,warn, Dell.Support.Online.Client.Web.Helper.LoggerHelper[0],,
303,"June 17th 2020, 13:29:52.353",\x1b[40m\x1b[1m\x1b[33mwarn\x1b[39m\x1b[22m\x1b[49m: Dell.Support.Online.Client.Web.Helper.LoggerHelper[0],Support-Client,warn, Dell.Support.Online.Client.Web.Helper.LoggerHelper[0],,
311,"June 17th 2020, 13:29:52.272",\x1b[40m\x1b[1m\x1b[33mwarn\x1b[39m\x1b[22m\x1b[49m: Dell.Support.Online.Client.Web.Helper.LoggerHelper[0],Support-Client,warn, Dell.Support.Online.Client.Web.Helper.LoggerHelper[0],,
314,"June 17th 2020, 13:29:52.270",\x1b[40m\x1b[1m\x1b[33mwarn\x1b[39m\x1b[22m\x1b[49m: Dell.Support.Online.Client.Web.Helper.LoggerHelper[0],Support-Client,warn, Dell.Support.Online.Client.Web.Helper.LoggerHelper[0],,
316,"June 17th 2020, 13:29:52.190",\x1b[40m\x1b[1m\x1b[33mwarn\x1b[39m\x1b[22m\x1b[49m: Dell.Support.Online.Client.Web.Helper.LoggerHelper[0],Support-Client,warn, Dell.Support.Online.Client.Web.Helper.LoggerHelper[0],,
318,"June 17th 2020, 13:29:52.015",\x1b[40m\x1b[1m\x1b[33mwarn\x1b[39m\x1b[22m\x1b[49m: Dell.Support.Online.Client.Web.Helper.LoggerHelper[0],Support-Client,warn, Dell.Support.Online.Client.Web.Helper.LoggerHelper[0],,
319,"June 17th 2020, 13:29:52.015",\x1b[40m\x1b[1m\x1b[33mwarn\x1b[39m\x1b[22m\x1b[49m: Dell.Support.Online.Client.Web.Helper.LoggerHelper[0],Support-Client,warn, Dell.Support.Online.Client.Web.Helper.LoggerHelper[0],,
322,"June 17th 2020, 13:29:52.015",\x1b[40m\x1b[1m\x1b[33mwarn\x1b[39m\x1b[22m\x1b[49m: Dell.Support.Online.Client.Web.Helper.LoggerHelper[0],Support-Client,warn, Dell.Support.Online.Client.Web.Helper.LoggerHelper[0],,
324,"June 17th 2020, 13:29:52.014",\x1b[40m\x1b[1m\x1b[33mwarn\x1b[39m\x1b[22m\x1b[49m: Dell.Support.Online.Client.Web.Helper.LoggerHelper[0],Support-Client,warn, Dell.Support.Online.Client.Web.Helper.LoggerHelper[0],,
326,"June 17th 2020, 13:29:51.988",\x1b[40m\x1b[1m\x1b[33mwarn\x1b[39m\x1b[22m\x1b[49m: Dell.Support.Online.Client.Web.Helper.LoggerHelper[0],Support-Client,warn, Dell.Support.Online.Client.Web.Helper.LoggerHelper[0],,
328,"June 17th 2020, 13:29:51.987",\x1b[40m\x1b[1m\x1b[33mwarn\x1b[39m\x1b[22m\x1b[49m: Dell.Support.Online.Client.Web.Helper.LoggerHelper[0],Support-Client,warn, Dell.Support.Online.Client.Web.Helper.LoggerHelper[0],,
353,"June 17th 2020, 13:29:50.784",\x1b[40m\x1b[1m\x1b[33mwarn\x1b[39m\x1b[22m\x1b[49m: Dell.Support.Online.Client.Web.Helper.LoggerHelper[0],Support-Client,warn, Dell.Support.Online.Client.Web.Helper.LoggerHelper[0],,
354,"June 17th 2020, 13:29:50.640",\x1b[40m\x1b[1m\x1b[33mwarn\x1b[39m\x1b[22m\x1b[49m: Dell.Support.Online.Client.Web.Helper.LoggerHelper[0],Support-Client,warn, Dell.Support.Online.Client.Web.Helper.LoggerHelper[0],,
357,"June 17th 2020, 13:29:50.635",\x1b[40m\x1b[1m\x1b[33mwarn\x1b[39m\x1b[22m\x1b[49m: Dell.Support.Online.Client.Web.Helper.LoggerHelper[0],Support-Client,warn, Dell.Support.Online.Client.Web.Helper.LoggerHelper[0],,
359,"June 17th 2020, 13:29:50.604",\x1b[40m\x1b[1m\x1b[33mwarn\x1b[39m\x1b[22m\x1b[49m: Dell.Support.Online.Client.Web.Helper.LoggerHelper[0],Support-Client,warn, Dell.Support.Online.Client.Web.Helper.LoggerHelper[0],,
361,"June 17th 2020, 13:29:50.601",\x1b[40m\x1b[1m\x1b[33mwarn\x1b[39m\x1b[22m\x1b[49m: Dell.Support.Online.Client.Web.Helper.LoggerHelper[0],Support-Client,warn, Dell.Support.Online.Client.Web.Helper.LoggerHelper[0],,
364,"June 17th 2020, 13:29:50.598",\x1b[40m\x1b[1m\x1b[33mwarn\x1b[39m\x1b[22m\x1b[49m: Dell.Support.Online.Client.Web.Helper.LoggerHelper[0],Support-Client,warn, Dell.Support.Online.Client.Web.Helper.LoggerHelper[0],,
365,"June 17th 2020, 13:29:50.598",\x1b[40m\x1b[1m\x1b[33mwarn\x1b[39m\x1b[22m\x1b[49m: Dell.Support.Online.Client.Web.Helper.LoggerHelper[0],Support-Client,warn, Dell.Support.Online.Client.Web.Helper.LoggerHelper[0],,
372,"June 17th 2020, 13:29:50.312",\x1b[40m\x1b[1m\x1b[33mwarn\x1b[39m\x1b[22m\x1b[49m: Dell.Support.Online.Client.Web.Helper.LoggerHelper[0],Support-Client,warn, Dell.Support.Online.Client.Web.Helper.LoggerHelper[0],,
376,"June 17th 2020, 13:29:50.173",\x1b[40m\x1b[1m\x1b[33mwarn\x1b[39m\x1b[22m\x1b[49m: Dell.Support.Online.Client.Web.Helper.LoggerHelper[0],Support-Client,warn, Dell.Support.Online.Client.Web.Helper.LoggerHelper[0],,
413,"June 17th 2020, 13:29:49.603",\x1b[40m\x1b[1m\x1b[33mwarn\x1b[39m\x1b[22m\x1b[49m: Dell.Support.Online.Client.Web.Helper.LoggerHelper[0],Support-Client,warn, Dell.Support.Online.Client.Web.Helper.LoggerHelper[0],,
449,"June 17th 2020, 13:29:48.209",Warning       Dell.SupportOnline.ServiceStore.Core.Processors.ServiceStoreProcessor[0]      Service not available for 932BSQ2,servicestore-web,warn,,       Dell.SupportOnline.ServiceStore.Core.Processors.ServiceStoreProcessor[0]      Service not available for 932BSQ2,
451,"June 17th 2020, 13:29:48.179",\x1b[40m\x1b[1m\x1b[33mwarn\x1b[39m\x1b[22m\x1b[49m: Dell.Support.Online.Client.Web.Helper.LoggerHelper[0],Support-Client,warn, Dell.Support.Online.Client.Web.Helper.LoggerHelper[0],,
455,"June 17th 2020, 13:29:48.117",\x1b[40m\x1b[1m\x1b[33mwarn\x1b[39m\x1b[22m\x1b[49m: Dell.Support.Online.Client.Web.Helper.LoggerHelper[0],Support-Client,warn, Dell.Support.Online.Client.Web.Helper.LoggerHelper[0],,
456,"June 17th 2020, 13:29:48.117",\x1b[40m\x1b[1m\x1b[33mwarn\x1b[39m\x1b[22m\x1b[49m: Dell.Support.Online.Client.Web.Helper.LoggerHelper[0],Support-Client,warn, Dell.Support.Online.Client.Web.Helper.LoggerHelper[0],,
457,"June 17th 2020, 13:29:48.117",\x1b[40m\x1b[1m\x1b[33mwarn\x1b[39m\x1b[22m\x1b[49m: Dell.Support.Online.Client.Web.Helper.LoggerHelper[0],Support-Client,warn, Dell.Support.Online.Client.Web.Helper.LoggerHelper[0],,
462,"June 17th 2020, 13:29:48.116",\x1b[40m\x1b[1m\x1b[33mwarn\x1b[39m\x1b[22m\x1b[49m: Dell.Support.Online.Client.Web.Helper.LoggerHelper[0],Support-Client,warn, Dell.Support.Online.Client.Web.Helper.LoggerHelper[0],,
464,"June 17th 2020, 13:29:48.116",\x1b[40m\x1b[1m\x1b[33mwarn\x1b[39m\x1b[22m\x1b[49m: Dell.Support.Online.Client.Web.Helper.LoggerHelper[0],Support-Client,warn, Dell.Support.Online.Client.Web.Helper.LoggerHelper[0],,
494,"June 17th 2020, 13:29:47.980",\x1b[40m\x1b[1m\x1b[33mwarn\x1b[39m\x1b[22m\x1b[49m: Dell.Support.Online.Client.Web.Helper.LoggerHelper[0],Support-Client,warn, Dell.Support.Online.Client.Web.Helper.LoggerHelper[0],,
495,"June 17th 2020, 13:29:47.979",\x1b[40m\x1b[1m\x1b[33mwarn\x1b[39m\x1b[22m\x1b[49m: Dell.Support.Online.Client.Web.Helper.LoggerHelper[0],Support-Client,warn, Dell.Support.Online.Client.Web.Helper.LoggerHelper[0],,
497,"June 17th 2020, 13:29:47.975",\x1b[40m\x1b[1m\x1b[33mwarn\x1b[39m\x1b[22m\x1b[49m: Dell.Support.Online.Client.Web.Helper.LoggerHelper[0],Support-Client,warn, Dell.Support.Online.Client.Web.Helper.LoggerHelper[0],,
499,"June 17th 2020, 13:29:47.962",\x1b[40m\x1b[1m\x1b[33mwarn\x1b[39m\x1b[22m\x1b[49m: Dell.Support.Online.Client.Web.Helper.LoggerHelper[0],Support-Client,warn, Dell.Support.Online.Client.Web.Helper.LoggerHelper[0],,
501,"June 17th 2020, 13:29:47.956",\x1b[40m\x1b[1m\x1b[33mwarn\x1b[39m\x1b[22m\x1b[49m: Dell.Support.Online.Client.Web.Helper.LoggerHelper[0],Support-Client,warn, Dell.Support.Online.Client.Web.Helper.LoggerHelper[0],,
503,"June 17th 2020, 13:29:47.956",\x1b[40m\x1b[1m\x1b[33mwarn\x1b[39m\x1b[22m\x1b[49m: Dell.Support.Online.Client.Web.Helper.LoggerHelper[0],Support-Client,warn, Dell.Support.Online.Client.Web.Helper.LoggerHelper[0],,
509,"June 17th 2020, 13:29:47.776",\x1b[40m\x1b[1m\x1b[33mwarn\x1b[39m\x1b[22m\x1b[49m: Dell.Support.Online.Client.Web.Helper.LoggerHelper[0],Support-Client,warn, Dell.Support.Online.Client.Web.Helper.LoggerHelper[0],,
512,"June 17th 2020, 13:29:47.775",\x1b[40m\x1b[1m\x1b[33mwarn\x1b[39m\x1b[22m\x1b[49m: Dell.Support.Online.Client.Web.Helper.LoggerHelper[0],Support-Client,warn, Dell.Support.Online.Client.Web.Helper.LoggerHelper[0],,
513,"June 17th 2020, 13:29:47.773",\x1b[40m\x1b[1m\x1b[33mwarn\x1b[39m\x1b[22m\x1b[49m: Dell.Support.Online.Client.Web.Helper.LoggerHelper[0],Support-Client,warn, Dell.Support.Online.Client.Web.Helper.LoggerHelper[0],,
515,"June 17th 2020, 13:29:47.771",\x1b[40m\x1b[1m\x1b[33mwarn\x1b[39m\x1b[22m\x1b[49m: Dell.Support.Online.Client.Web.Helper.LoggerHelper[0],Support-Client,warn, Dell.Support.Online.Client.Web.Helper.LoggerHelper[0],,
518,"June 17th 2020, 13:29:47.771",\x1b[40m\x1b[1m\x1b[33mwarn\x1b[39m\x1b[22m\x1b[49m: Dell.Support.Online.Client.Web.Helper.LoggerHelper[0],Support-Client,warn, Dell.Support.Online.Client.Web.Helper.LoggerHelper[0],,
520,"June 17th 2020, 13:29:47.768",\x1b[40m\x1b[1m\x1b[33mwarn\x1b[39m\x1b[22m\x1b[49m: Dell.Support.Online.Client.Web.Helper.LoggerHelper[0],Support-Client,warn, Dell.Support.Online.Client.Web.Helper.LoggerHelper[0],,
523,"June 17th 2020, 13:29:47.702",\x1b[40m\x1b[1m\x1b[33mwarn\x1b[39m\x1b[22m\x1b[49m: Dell.Support.Online.Client.Web.Helper.LoggerHelper[0],Support-Client,warn, Dell.Support.Online.Client.Web.Helper.LoggerHelper[0],,
525,"June 17th 2020, 13:29:47.684",\x1b[40m\x1b[1m\x1b[33mwarn\x1b[39m\x1b[22m\x1b[49m: Dell.Support.Online.Client.Web.Helper.LoggerHelper[0],Support-Client,warn, Dell.Support.Online.Client.Web.Helper.LoggerHelper[0],,
527,"June 17th 2020, 13:29:47.673",\x1b[40m\x1b[1m\x1b[33mwarn\x1b[39m\x1b[22m\x1b[49m: Dell.Support.Online.Client.Web.Helper.LoggerHelper[0],Support-Client,warn, Dell.Support.Online.Client.Web.Helper.LoggerHelper[0],,
530,"June 17th 2020, 13:29:47.623",\x1b[40m\x1b[1m\x1b[33mwarn\x1b[39m\x1b[22m\x1b[49m: Dell.Support.Online.Client.Web.Helper.LoggerHelper[0],Support-Client,warn, Dell.Support.Online.Client.Web.Helper.LoggerHelper[0],,
535,"June 17th 2020, 13:29:47.617",\x1b[40m\x1b[1m\x1b[33mwarn\x1b[39m\x1b[22m\x1b[49m: Dell.Support.Online.Client.Web.Helper.LoggerHelper[0],Support-Client,warn, Dell.Support.Online.Client.Web.Helper.LoggerHelper[0],,
536,"June 17th 2020, 13:29:47.589",\x1b[40m\x1b[1m\x1b[33mwarn\x1b[39m\x1b[22m\x1b[49m: Dell.Support.Online.Client.Web.Helper.LoggerHelper[0],Support-Client,warn, Dell.Support.Online.Client.Web.Helper.LoggerHelper[0],,
538,"June 17th 2020, 13:29:47.581",\x1b[40m\x1b[1m\x1b[33mwarn\x1b[39m\x1b[22m\x1b[49m: Dell.Support.Online.Client.Web.Helper.LoggerHelper[0],Support-Client,warn, Dell.Support.Online.Client.Web.Helper.LoggerHelper[0],,
545,"June 17th 2020, 13:29:47.308",\x1b[40m\x1b[1m\x1b[33mwarn\x1b[39m\x1b[22m\x1b[49m: Dell.Support.Online.Client.Web.Helper.LoggerHelper[0],Support-Client,warn, Dell.Support.Online.Client.Web.Helper.LoggerHelper[0],,
546,"June 17th 2020, 13:29:47.307",\x1b[40m\x1b[1m\x1b[33mwarn\x1b[39m\x1b[22m\x1b[49m: Dell.Support.Online.Client.Web.Helper.LoggerHelper[0],Support-Client,warn, Dell.Support.Online.Client.Web.Helper.LoggerHelper[0],,
551,"June 17th 2020, 13:29:46.222",\x1b[40m\x1b[1m\x1b[33mwarn\x1b[39m\x1b[22m\x1b[49m: Dell.Support.Online.Client.Web.Helper.LoggerHelper[0],Support-Client,warn, Dell.Support.Online.Client.Web.Helper.LoggerHelper[0],,
552,"June 17th 2020, 13:29:46.222",\x1b[40m\x1b[1m\x1b[33mwarn\x1b[39m\x1b[22m\x1b[49m: Dell.Support.Online.Client.Web.Helper.LoggerHelper[0],Support-Client,warn, Dell.Support.Online.Client.Web.Helper.LoggerHelper[0],,
554,"June 17th 2020, 13:29:46.222",\x1b[40m\x1b[1m\x1b[33mwarn\x1b[39m\x1b[22m\x1b[49m: Dell.Support.Online.Client.Web.Helper.LoggerHelper[0],Support-Client,warn, Dell.Support.Online.Client.Web.Helper.LoggerHelper[0],,
555,"June 17th 2020, 13:29:46.222",\x1b[40m\x1b[1m\x1b[33mwarn\x1b[39m\x1b[22m\x1b[49m: Dell.Support.Online.Client.Web.Helper.LoggerHelper[0],Support-Client,warn, Dell.Support.Online.Client.Web.Helper.LoggerHelper[0],,
561,"June 17th 2020, 13:29:46.218",\x1b[40m\x1b[1m\x1b[33mwarn\x1b[39m\x1b[22m\x1b[49m: Dell.Support.Online.Client.Web.Helper.LoggerHelper[0],Support-Client,warn, Dell.Support.Online.Client.Web.Helper.LoggerHelper[0],,
563,"June 17th 2020, 13:29:46.218",\x1b[40m\x1b[1m\x1b[33mwarn\x1b[39m\x1b[22m\x1b[49m: Dell.Support.Online.Client.Web.Helper.LoggerHelper[0],Support-Client,warn, Dell.Support.Online.Client.Web.Helper.LoggerHelper[0],,
564,"June 17th 2020, 13:29:46.218",\x1b[40m\x1b[1m\x1b[33mwarn\x1b[39m\x1b[22m\x1b[49m: Dell.Support.Online.Client.Web.Helper.LoggerHelper[0],Support-Client,warn, Dell.Support.Online.Client.Web.Helper.LoggerHelper[0],,
615,"June 17th 2020, 13:29:45.328",\x1b[40m\x1b[1m\x1b[33mwarn\x1b[39m\x1b[22m\x1b[49m: Dell.Support.Online.Client.Web.Helper.LoggerHelper[0],Support-Client,warn, Dell.Support.Online.Client.Web.Helper.LoggerHelper[0],,
616,"June 17th 2020, 13:29:45.328",\x1b[40m\x1b[1m\x1b[33mwarn\x1b[39m\x1b[22m\x1b[49m: Dell.Support.Online.Client.Web.Helper.LoggerHelper[0],Support-Client,warn, Dell.Support.Online.Client.Web.Helper.LoggerHelper[0],,
632,"June 17th 2020, 13:29:45.096",\x1b[40m\x1b[1m\x1b[33mwarn\x1b[39m\x1b[22m\x1b[49m: Dell.Support.Online.Client.Web.Helper.LoggerHelper[0],Support-Client,warn, Dell.Support.Online.Client.Web.Helper.LoggerHelper[0],,
633,"June 17th 2020, 13:29:45.096",\x1b[40m\x1b[1m\x1b[33mwarn\x1b[39m\x1b[22m\x1b[49m: Dell.Support.Online.Client.Web.Helper.LoggerHelper[0],Support-Client,warn, Dell.Support.Online.Client.Web.Helper.LoggerHelper[0],,
634,"June 17th 2020, 13:29:45.093",\x1b[40m\x1b[1m\x1b[33mwarn\x1b[39m\x1b[22m\x1b[49m: Dell.Support.Online.Client.Web.Helper.LoggerHelper[0],Support-Client,warn, Dell.Support.Online.Client.Web.Helper.LoggerHelper[0],,
635,"June 17th 2020, 13:29:45.093",\x1b[40m\x1b[1m\x1b[33mwarn\x1b[39m\x1b[22m\x1b[49m: Dell.Support.Online.Client.Web.Helper.LoggerHelper[0],Support-Client,warn, Dell.Support.Online.Client.Web.Helper.LoggerHelper[0],,
639,"June 17th 2020, 13:29:45.091",\x1b[40m\x1b[1m\x1b[33mwarn\x1b[39m\x1b[22m\x1b[49m: Dell.Support.Online.Client.Web.Helper.LoggerHelper[0],Support-Client,warn, Dell.Support.Online.Client.Web.Helper.LoggerHelper[0],,
733,"June 17th 2020, 13:29:44.326",\x1b[40m\x1b[1m\x1b[33mwarn\x1b[39m\x1b[22m\x1b[49m: Dell.Support.Online.Client.Web.Helper.LoggerHelper[0],Support-Client,warn, Dell.Support.Online.Client.Web.Helper.LoggerHelper[0],,
739,"June 17th 2020, 13:29:44.313",\x1b[40m\x1b[1m\x1b[33mwarn\x1b[39m\x1b[22m\x1b[49m: Dell.Support.Online.Client.Web.Helper.LoggerHelper[0],Support-Client,warn, Dell.Support.Online.Client.Web.Helper.LoggerHelper[0],,
776,"June 17th 2020, 13:29:43.704",\x1b[40m\x1b[1m\x1b[33mwarn\x1b[39m\x1b[22m\x1b[49m: Dell.Support.Online.Client.Web.Helper.LoggerHelper[0],Support-Client,warn, Dell.Support.Online.Client.Web.Helper.LoggerHelper[0],,
779,"June 17th 2020, 13:29:43.704",\x1b[40m\x1b[1m\x1b[33mwarn\x1b[39m\x1b[22m\x1b[49m: Dell.Support.Online.Client.Web.Helper.LoggerHelper[0],Support-Client,warn, Dell.Support.Online.Client.Web.Helper.LoggerHelper[0],,
782,"June 17th 2020, 13:29:43.699",\x1b[40m\x1b[1m\x1b[33mwarn\x1b[39m\x1b[22m\x1b[49m: Dell.Support.Online.Client.Web.Helper.LoggerHelper[0],Support-Client,warn, Dell.Support.Online.Client.Web.Helper.LoggerHelper[0],,
806,"June 17th 2020, 13:29:43.256",\x1b[40m\x1b[1m\x1b[33mwarn\x1b[39m\x1b[22m\x1b[49m: Dell.Support.Online.Client.Web.Helper.LoggerHelper[0],Support-Client,warn, Dell.Support.Online.Client.Web.Helper.LoggerHelper[0],,
808,"June 17th 2020, 13:29:43.249",\x1b[40m\x1b[1m\x1b[33mwarn\x1b[39m\x1b[22m\x1b[49m: Dell.Support.Online.Client.Web.Helper.LoggerHelper[0],Support-Client,warn, Dell.Support.Online.Client.Web.Helper.LoggerHelper[0],,
810,"June 17th 2020, 13:29:43.101",\x1b[40m\x1b[1m\x1b[33mwarn\x1b[39m\x1b[22m\x1b[49m: Dell.Support.Online.Client.Web.Helper.LoggerHelper[0],Support-Client,warn, Dell.Support.Online.Client.Web.Helper.LoggerHelper[0],,
811,"June 17th 2020, 13:29:43.101",\x1b[40m\x1b[1m\x1b[33mwarn\x1b[39m\x1b[22m\x1b[49m: Dell.Support.Online.Client.Web.Helper.LoggerHelper[0],Support-Client,warn, Dell.Support.Online.Client.Web.Helper.LoggerHelper[0],,
812,"June 17th 2020, 13:29:43.101",\x1b[40m\x1b[1m\x1b[33mwarn\x1b[39m\x1b[22m\x1b[49m: Dell.Support.Online.Client.Web.Helper.LoggerHelper[0],Support-Client,warn, Dell.Support.Online.Client.Web.Helper.LoggerHelper[0],,
816,"June 17th 2020, 13:29:42.980",Warning       Dell.SupportOnline.ServiceStore.Core.Processors.ServiceStoreProcessor[0]      Service not available for 8WXYPT2,servicestore-web,warn,,       Dell.SupportOnline.ServiceStore.Core.Processors.ServiceStoreProcessor[0]      Service not available for 8WXYPT2,
818,"June 17th 2020, 13:29:42.963",\x1b[40m\x1b[1m\x1b[33mwarn\x1b[39m\x1b[22m\x1b[49m: Dell.Support.Online.Client.Web.Helper.LoggerHelper[0],Support-Client,warn, Dell.Support.Online.Client.Web.Helper.LoggerHelper[0],,
825,"June 17th 2020, 13:29:42.776",Warning       Dell.SupportOnline.ServiceStore.Core.Processors.ServiceStoreProcessor[0]      Service not available for 2Q24LS1,servicestore-web,warn,,       Dell.SupportOnline.ServiceStore.Core.Processors.ServiceStoreProcessor[0]      Service not available for 2Q24LS1,
828,"June 17th 2020, 13:29:42.631",\x1b[40m\x1b[1m\x1b[33mwarn\x1b[39m\x1b[22m\x1b[49m: Dell.Support.Online.Client.Web.Helper.LoggerHelper[0],Support-Client,warn, Dell.Support.Online.Client.Web.Helper.LoggerHelper[0],,
831,"June 17th 2020, 13:29:42.624",\x1b[40m\x1b[1m\x1b[33mwarn\x1b[39m\x1b[22m\x1b[49m: Dell.Support.Online.Client.Web.Helper.LoggerHelper[0],Support-Client,warn, Dell.Support.Online.Client.Web.Helper.LoggerHelper[0],,
840,"June 17th 2020, 13:29:42.515",Warning       Dell.SupportOnline.ServiceStore.Core.Processors.ServiceStoreProcessor[0]      Service not available for FTVS3H2,servicestore-web,warn,,       Dell.SupportOnline.ServiceStore.Core.Processors.ServiceStoreProcessor[0]      Service not available for FTVS3H2,
860,"June 17th 2020, 13:29:42.377",\x1b[40m\x1b[1m\x1b[33mwarn\x1b[39m\x1b[22m\x1b[49m: Dell.Support.Online.Client.Web.Helper.LoggerHelper[0],Support-Client,warn, Dell.Support.Online.Client.Web.Helper.LoggerHelper[0],,
863,"June 17th 2020, 13:29:41.261",\x1b[40m\x1b[1m\x1b[33mwarn\x1b[39m\x1b[22m\x1b[49m: Dell.Support.Online.Client.Web.Helper.LoggerHelper[0],Support-Client,warn, Dell.Support.Online.Client.Web.Helper.LoggerHelper[0],,
864,"June 17th 2020, 13:29:41.255",\x1b[40m\x1b[1m\x1b[33mwarn\x1b[39m\x1b[22m\x1b[49m: Dell.Support.Online.Client.Web.Helper.LoggerHelper[0],Support-Client,warn, Dell.Support.Online.Client.Web.Helper.LoggerHelper[0],,
867,"June 17th 2020, 13:29:41.254",\x1b[40m\x1b[1m\x1b[33mwarn\x1b[39m\x1b[22m\x1b[49m: Dell.Support.Online.Client.Web.Helper.LoggerHelper[0],Support-Client,warn, Dell.Support.Online.Client.Web.Helper.LoggerHelper[0],,
916,"June 17th 2020, 13:29:41.005",\x1b[40m\x1b[1m\x1b[33mwarn\x1b[39m\x1b[22m\x1b[49m: Dell.Support.Online.Client.Web.Helper.LoggerHelper[0],Support-Client,warn, Dell.Support.Online.Client.Web.Helper.LoggerHelper[0],,
918,"June 17th 2020, 13:29:40.919",\x1b[40m\x1b[1m\x1b[33mwarn\x1b[39m\x1b[22m\x1b[49m: Dell.Support.Online.Client.Web.Helper.LoggerHelper[0],Support-Client,warn, Dell.Support.Online.Client.Web.Helper.LoggerHelper[0],,
920,"June 17th 2020, 13:29:40.915",\x1b[40m\x1b[1m\x1b[33mwarn\x1b[39m\x1b[22m\x1b[49m: Dell.Support.Online.Client.Web.Helper.LoggerHelper[0],Support-Client,warn, Dell.Support.Online.Client.Web.Helper.LoggerHelper[0],,
922,"June 17th 2020, 13:29:40.914",\x1b[40m\x1b[1m\x1b[33mwarn\x1b[39m\x1b[22m\x1b[49m: Dell.Support.Online.Client.Web.Helper.LoggerHelper[0],Support-Client,warn, Dell.Support.Online.Client.Web.Helper.LoggerHelper[0],,
924,"June 17th 2020, 13:29:40.912",\x1b[40m\x1b[1m\x1b[33mwarn\x1b[39m\x1b[22m\x1b[49m: Dell.Support.Online.Client.Web.Helper.LoggerHelper[0],Support-Client,warn, Dell.Support.Online.Client.Web.Helper.LoggerHelper[0],,
925,"June 17th 2020, 13:29:40.906",\x1b[40m\x1b[1m\x1b[33mwarn\x1b[39m\x1b[22m\x1b[49m: Dell.Support.Online.Client.Web.Helper.LoggerHelper[0],Support-Client,warn, Dell.Support.Online.Client.Web.Helper.LoggerHelper[0],,
928,"June 17th 2020, 13:29:40.902",\x1b[40m\x1b[1m\x1b[33mwarn\x1b[39m\x1b[22m\x1b[49m: Dell.Support.Online.Client.Web.Helper.LoggerHelper[0],Support-Client,warn, Dell.Support.Online.Client.Web.Helper.LoggerHelper[0],,
930,"June 17th 2020, 13:29:40.900",\x1b[40m\x1b[1m\x1b[33mwarn\x1b[39m\x1b[22m\x1b[49m: Dell.Support.Online.Client.Web.Helper.LoggerHelper[0],Support-Client,warn, Dell.Support.Online.Client.Web.Helper.LoggerHelper[0],,
935,"June 17th 2020, 13:29:40.840",\x1b[40m\x1b[1m\x1b[33mwarn\x1b[39m\x1b[22m\x1b[49m: Dell.Support.Online.Client.Web.Helper.LoggerHelper[0],Support-Client,warn, Dell.Support.Online.Client.Web.Helper.LoggerHelper[0],,
937,"June 17th 2020, 13:29:40.839",\x1b[40m\x1b[1m\x1b[33mwarn\x1b[39m\x1b[22m\x1b[49m: Dell.Support.Online.Client.Web.Helper.LoggerHelper[0],Support-Client,warn, Dell.Support.Online.Client.Web.Helper.LoggerHelper[0],,
941,"June 17th 2020, 13:29:40.714",\x1b[40m\x1b[1m\x1b[33mwarn\x1b[39m\x1b[22m\x1b[49m: Dell.Support.Online.Client.Web.Helper.LoggerHelper[0],Support-Client,warn, Dell.Support.Online.Client.Web.Helper.LoggerHelper[0],,
942,"June 17th 2020, 13:29:40.703",\x1b[40m\x1b[1m\x1b[33mwarn\x1b[39m\x1b[22m\x1b[49m: Dell.Support.Online.Client.Web.Helper.LoggerHelper[0],Support-Client,warn, Dell.Support.Online.Client.Web.Helper.LoggerHelper[0],,
948,"June 17th 2020, 13:29:40.557",\x1b[40m\x1b[1m\x1b[33mwarn\x1b[39m\x1b[22m\x1b[49m: Dell.Support.Online.Client.Web.Helper.LoggerHelper[0],Support-Client,warn, Dell.Support.Online.Client.Web.Helper.LoggerHelper[0],,
958,"June 17th 2020, 13:29:40.378",\x1b[40m\x1b[1m\x1b[33mwarn\x1b[39m\x1b[22m\x1b[49m: Dell.Support.Online.Client.Web.Helper.LoggerHelper[0],Support-Client,warn, Dell.Support.Online.Client.Web.Helper.LoggerHelper[0],,
959,"June 17th 2020, 13:29:40.377",\x1b[40m\x1b[1m\x1b[33mwarn\x1b[39m\x1b[22m\x1b[49m: Dell.Support.Online.Client.Web.Helper.LoggerHelper[0],Support-Client,warn, Dell.Support.Online.Client.Web.Helper.LoggerHelper[0],,
962,"June 17th 2020, 13:29:40.376",\x1b[40m\x1b[1m\x1b[33mwarn\x1b[39m\x1b[22m\x1b[49m: Dell.Support.Online.Client.Web.Helper.LoggerHelper[0],Support-Client,warn, Dell.Support.Online.Client.Web.Helper.LoggerHelper[0],,
963,"June 17th 2020, 13:29:40.369",\x1b[40m\x1b[1m\x1b[33mwarn\x1b[39m\x1b[22m\x1b[49m: Dell.Support.Online.Client.Web.Helper.LoggerHelper[0],Support-Client,warn, Dell.Support.Online.Client.Web.Helper.LoggerHelper[0],,
966,"June 17th 2020, 13:29:40.362",\x1b[40m\x1b[1m\x1b[33mwarn\x1b[39m\x1b[22m\x1b[49m: Dell.Support.Online.Client.Web.Helper.LoggerHelper[0],Support-Client,warn, Dell.Support.Online.Client.Web.Helper.LoggerHelper[0],,
967,"June 17th 2020, 13:29:40.362",\x1b[40m\x1b[1m\x1b[33mwarn\x1b[39m\x1b[22m\x1b[49m: Dell.Support.Online.Client.Web.Helper.LoggerHelper[0],Support-Client,warn, Dell.Support.Online.Client.Web.Helper.LoggerHelper[0],,
968,"June 17th 2020, 13:29:40.362",\x1b[40m\x1b[1m\x1b[33mwarn\x1b[39m\x1b[22m\x1b[49m: Dell.Support.Online.Client.Web.Helper.LoggerHelper[0],Support-Client,warn, Dell.Support.Online.Client.Web.Helper.LoggerHelper[0],,
970,"June 17th 2020, 13:29:40.362",\x1b[40m\x1b[1m\x1b[33mwarn\x1b[39m\x1b[22m\x1b[49m: Dell.Support.Online.Client.Web.Helper.LoggerHelper[0],Support-Client,warn, Dell.Support.Online.Client.Web.Helper.LoggerHelper[0],,
978,"June 17th 2020, 13:29:40.165",\x1b[40m\x1b[1m\x1b[33mwarn\x1b[39m\x1b[22m\x1b[49m: Dell.Support.Online.Client.Web.Helper.LoggerHelper[0],Support-Client,warn, Dell.Support.Online.Client.Web.Helper.LoggerHelper[0],,
981,"June 17th 2020, 13:29:40.137",\x1b[40m\x1b[1m\x1b[33mwarn\x1b[39m\x1b[22m\x1b[49m: Dell.Support.Online.Client.Web.Helper.LoggerHelper[0],Support-Client,warn, Dell.Support.Online.Client.Web.Helper.LoggerHelper[0],,
983,"June 17th 2020, 13:29:40.110",\x1b[40m\x1b[1m\x1b[33mwarn\x1b[39m\x1b[22m\x1b[49m: Dell.Support.Online.Client.Web.Helper.LoggerHelper[0],Support-Client,warn, Dell.Support.Online.Client.Web.Helper.LoggerHelper[0],,
984,"June 17th 2020, 13:29:40.098",\x1b[40m\x1b[1m\x1b[33mwarn\x1b[39m\x1b[22m\x1b[49m: Dell.Support.Online.Client.Web.Helper.LoggerHelper[0],Support-Client,warn, Dell.Support.Online.Client.Web.Helper.LoggerHelper[0],,
987,"June 17th 2020, 13:29:40.064",\x1b[40m\x1b[1m\x1b[33mwarn\x1b[39m\x1b[22m\x1b[49m: Dell.Support.Online.Client.Web.Helper.LoggerHelper[0],Support-Client,warn, Dell.Support.Online.Client.Web.Helper.LoggerHelper[0],,
991,"June 17th 2020, 13:29:40.019",\x1b[40m\x1b[1m\x1b[33mwarn\x1b[39m\x1b[22m\x1b[49m: Dell.Support.Online.Client.Web.Helper.LoggerHelper[0],Support-Client,warn, Dell.Support.Online.Client.Web.Helper.LoggerHelper[0],,
994,"June 17th 2020, 13:29:40.012",\x1b[40m\x1b[1m\x1b[33mwarn\x1b[39m\x1b[22m\x1b[49m: Dell.Support.Online.Client.Web.Helper.LoggerHelper[0],Support-Client,warn, Dell.Support.Online.Client.Web.Helper.LoggerHelper[0],,
998,"June 17th 2020, 13:29:39.976",\x1b[40m\x1b[1m\x1b[33mwarn\x1b[39m\x1b[22m\x1b[49m: Dell.Support.Online.Client.Web.Helper.LoggerHelper[0],Support-Client,warn, Dell.Support.Online.Client.Web.Helper.LoggerHelper[0],,
